localidad,cp,id_prov_mstr
SALADILLO,4434.0,66
SALADILLO,4430.0,66
SALADILLO DE JUAREZ,4448.0,66
SAN ALEJO,4401.0,66
SACHA PERA,4440.0,66
S JOLLIN,4560.0,66
RUMIUARCO,4427.0,66
SALADILLO,4415.0,66
SALADILLO DE OSMA,4421.0,66
SALVADOR MAZZA,4568.0,66
SALAR DE POCITOS,4413.0,66
SALAR DEL HOMBRE MUERTO,4419.0,66
SALAZAR,4126.0,66
SALTA,4400.0,66
SAN ANTONIO,4427.0,66
SALTA FORESTAL KILOMETRO 50,4449.0,66
SAN AGUSTIN,4193.0,66
SAN ANDRES,4530.0,66
RUMIHUASI,4419.0,66
SAN AGUSTIN,4421.0,66
SALAR DE HOMBRE MUERTO,4419.0,66
RUMIHUASI,4417.0,66
RIO PESCADO,4530.0,66
ROSARIO FUNCA,4190.0,66
RIO COLORADO,4530.0,66
RIO CARAPAN,4566.0,66
SAN ANTONIO,4427.0,66
RIO BLANCO,4417.0,66
RIO DE LAS PIEDRAS,4530.0,66
RIO DEL VALLE,4449.0,66
RIO LAVALLEN,4432.0,66
RIO PIEDRAS,4434.0,66
RIO SECO,4552.0,66
RIO TORO,4417.0,66
RIO URUEÑA,4193.0,66
RIVADAVIA,4535.0,66
ROCA,4452.0,66
RODEO COLORADO,4633.0,66
RODEO GRANDE,4432.0,66
RODEO PAMPA,4651.0,66
RODEOS,4403.0,66
ROSALES,4446.0,66
ROSARIO DE LA FRONTERA,4190.0,66
ROSARIO DE LERMA,4405.0,66
ROSARIO DEL DORADO,4449.0,66
RUIZ DE LOS LLANOS,4126.0,66
SAN ANTONIO,4530.0,66
SAN JUAN DE ORO,4651.0,66
SAN ANTONIO CHICOANA,4421.0,66
SAN JOAQUIN,4423.0,66
SAN JOAQUIN,4535.0,66
SAN JORGE,4448.0,66
SAN JOSE,4421.0,66
SAN JOSE DE COLTE,4419.0,66
SAN JOSE DE ESCALCHI,4419.0,66
SAN JOSE DE LA VIÑA,4423.0,66
SAN JOSE DE ORQUERAS,4446.0,66
SAN JUAN,4193.0,66
SAN JUAN,4446.0,66
SAN JUAN,4633.0,66
SAN LAURENCIO,4560.0,66
SAN LEON,4651.0,66
SAN LORENZO,4193.0,66
SAN LORENZO,4401.0,66
SAN LORENZO HORCONES,4198.0,66
SAN LUCAS,4427.0,66
SAN LUIS,4193.0,66
RIO ANCHO,4403.0,66
SAN MARCOS,4651.0,66
SAN LUIS,4449.0,66
SAN JAVIER,4440.0,66
SAN ANTONIO,4633.0,66
SAN ISIDRO DE IRUYA,4633.0,66
SAN ISIDRO,4430.0,66
SAN ANTONIO DE IRUYA,4633.0,66
SAN ANTONIO DE LOS COBRES,4411.0,66
SAN ANTONIO LA VIÑA,4421.0,66
SAN BERNARDO,4530.0,66
SAN BERNARDO,4561.0,66
SAN BERNARDO DE LAS ZORRAS,4409.0,66
SAN CARLOS,4427.0,66
SAN CLEMENTE,4403.0,66
SAN ESTEBAN,4190.0,66
SAN FELIPE,4198.0,66
SAN FELIPE,4427.0,66
SAN FELIPE,4651.0,66
SAN FERNANDO,4448.0,66
SAN FERNANDO DE ESCOIPE,4423.0,66
SAN FRANCISCO,4651.0,66
SAN GABRIEL,4452.0,66
SAN GERONIMO,4421.0,66
SAN IGNACIO,4448.0,66
SAN IGNACIO,4530.0,66
SAN IGNACIO DE LOYOLA,4530.0,66
SAN ISIDRO,4427.0,66
SAN ISIDRO,4535.0,66
RIO ANCHO,4400.0,66
POTRERILLO,4190.0,66
RETIRO,4421.0,66
POTRERO DE DIAZ,4423.0,66
POTRERO DE LINARES,4407.0,66
POTRERO DE POYOGASTA,4411.0,66
POTRERO DE URIBURU,4407.0,66
POZO AZUL,4530.0,66
POZO BERMEJO,4560.0,66
POZO BLANCO,4193.0,66
POZO BRAVO,4554.0,66
POZO CANTADO,4448.0,66
POZO CERCADO,3636.0,66
POZO CERCADO,4535.0,66
POZO DE LA ESQUINA,4530.0,66
POZO DE LA PIEDRA,4530.0,66
POZO DEL CHAÑAR,4554.0,66
POZO DEL CUICO,4554.0,66
POZO DEL CUINCO,4542.0,66
POZO DEL GREAL,4448.0,66
POZO DEL PATO,4535.0,66
POZO DEL SAUCE,4535.0,66
POZO DEL ZORRO,4535.0,66
POZO EL ALGARROBO,4430.0,66
POTRERO DE CASTILLA,4401.0,66
POZO GRANDE,4449.0,66
POTRERO,4446.0,66
POTRERO,4195.0,66
PIQUETE CABADO,4449.0,66
SAN MARTIN,4419.0,66
PIQUETE DE ANTA,4434.0,66
PIQUETE DE ANTA,4448.0,66
PIQUIRENDA,4564.0,66
PIUL,4415.0,66
PIZARRO,4534.0,66
PLUMA DEL PATO,4554.0,66
PLUMA DEL PATO,4560.0,66
POBLACION,4446.0,66
POBLACION,4448.0,66
POBLACION DE ORTEGA,4444.0,66
POCOY,4552.0,66
POMPEYA,4415.0,66
PORONGAL,4535.0,66
POSCAYA,4651.0,66
POSO DE ALGARROBO,4448.0,66
POTRERILLO,4446.0,66
POTRERILLOS,4126.0,66
POTRERILLOS,4411.0,66
POTRERILLOS,4425.0,66
POTRERO,4415.0,66
RIO ALEMANIA,4425.0,66
POZO HONDO,4554.0,66
POZO VERDE,4198.0,66
PUIL,4417.0,66
PULARES,4423.0,66
PULI,4446.0,66
PUNCA VISCANA,4651.0,66
PUNCO VISCANA,4651.0,66
PUNTA DE AGUA,4415.0,66
PUNTA DEL AGUA,4440.0,66
QUEBRACHAL,4452.0,66
QUEBRADA DE ESCOIPE,4415.0,66
QUEBRADA DEL AGUA,4413.0,66
QUEBRADA DEL TORO,4409.0,66
QUEBRADA MUÑANO,4409.0,66
QUEÑUA,4530.0,66
QUESERA,4434.0,66
QUISCA GRANDE,4141.0,66
QUISCA LORO,4421.0,66
QUISTO,4430.0,66
RECAREDO,4563.0,66
RECREO,4193.0,66
REDONDO,4425.0,66
RESISTENCIA,4554.0,66
PUESTO VIEJO,4430.0,66
POZO PRINGLES,4530.0,66
PUESTO LA PAZ,4561.0,66
PUESTO DEL PAÑUELO,4554.0,66
POZO VERDE,4449.0,66
POZO VERDE,4535.0,66
POZOS LARGOS,4198.0,66
PRINGLES,4452.0,66
PUCARA,4427.0,66
PUCARA,4651.0,66
PUEBLO NUEVO,4415.0,66
PUEBLO VIEJO,4415.0,66
PUEBLO VIEJO,4417.0,66
PUEBLO VIEJO,4633.0,66
PUENTE DE DIAZ,4421.0,66
PUENTE DE PLATA,4193.0,66
PUERTA BLANCA,4448.0,66
PUERTA DE LA PAYA,4417.0,66
PUERTA DE TASTIL,4409.0,66
PUERTO BAULES,4552.0,66
PUERTO DE DIAZ,4430.0,66
PUESTO,4651.0,66
PUESTO DE LA VIUDA,4535.0,66
PUESTO DE MOTIJO,4530.0,66
PUESTO DEL MEDIO,4534.0,66
PUESTO GRANDE,4550.0,66
SAN MARTIN,4421.0,66
VILLA SAAVEDRA,4560.0,66
SAN MARTIN,4449.0,66
TRES MORROS,4633.0,66
TRES POZOS,4530.0,66
TRES POZOS,4554.0,66
TRES YUCHANES,4430.0,66
TRIGAL,4415.0,66
TRIGO HUAYCO,4651.0,66
TRUSUCA,4651.0,66
TUCTUCA,4651.0,66
TUNALITO,4446.0,66
TRES CRUCES,4425.0,66
TUNALITO,4449.0,66
UCHOGOL,4633.0,66
UCHUYOC,4633.0,66
UNQUILLAL EMBARCADERO FCGB,4413.0,66
URUNDEL,4542.0,66
VADO HONDO,4530.0,66
VALLE DELGADO,4633.0,66
VALLE ENCANTADO,4415.0,66
VALLECITO,4644.0,66
VAQUERIA,4191.0,66
TUYUNTI,4560.0,66
TRES CRUCES,4409.0,66
TRES ACEQUIAS,4421.0,66
TRANQUITAS,4552.0,66
TALAVERA,4452.0,66
TAMAS CORTADAS,4198.0,66
TARTAGAL,4560.0,66
TILIAN,4423.0,66
TIPA SOLA,4425.0,66
TIPAYOC,4633.0,66
TITICOITE,4633.0,66
TOBANTIRENDA,4564.0,66
TOLAR CHICO,4413.0,66
TOLAR GRANDE,4413.0,66
TOLLOCHE,4452.0,66
TOLOMBON,4141.0,66
TOMUCO,4419.0,66
TONCO,4415.0,66
TONONO,4560.0,66
TORO,4409.0,66
TORO PAMPA,4452.0,66
TORO YACO,4415.0,66
TOROYOC,4644.0,66
TORZALITO,4430.0,66
TOTORAL,4449.0,66
VAQUERIA,4430.0,66
VAQUERIA LOS SAUCES,4425.0,66
VAQUEROS,4401.0,66
VEGA DE ARIZARO,4413.0,66
VIZCARRA,4644.0,66
VOLCAN AZUFRE,4419.0,66
VOLCAN HIGUERAS,4633.0,66
VUELTA DE LAS TOBAS,4554.0,66
WEISBURG,4448.0,66
YACARA,4534.0,66
YACAY,4560.0,66
YACERA,4415.0,66
YACIMIENTO TONONO,4560.0,66
YACOCHUYA,4427.0,66
YACONES,4401.0,66
YACUY,4564.0,66
YANCHUYA,4427.0,66
YARIGUARENDA,4560.0,66
YASQUIASME,4430.0,66
YATASTO,4440.0,66
YUCHAN,4537.0,66
ZANJA HONDA,4560.0,66
ZANJON,4403.0,66
ZAPALLITO,4430.0,66
PINAL,4633.0,66
VIZCACHERAL,4193.0,66
TALAS,4446.0,66
VISCACHANI,4651.0,66
VIRGILIO TEDIN,4434.0,66
VELARDES,4401.0,66
VENCIDA,4452.0,66
VERA CRUZ,4440.0,66
VESPUCIO,4562.0,66
VIADUCTO EL MUÑAL,4190.0,66
VICTORICA,4535.0,66
VIEJA POZO,4448.0,66
VILLA ALEM,4633.0,66
VILLA AURELIA,4190.0,66
VILLA CORTA,4193.0,66
VILLA FANNY,4423.0,66
VILLA GENERAL GUEMES,4560.0,66
VILLA LOS TARCOS,4403.0,66
VILLA MAYOR ZABALETA,4430.0,66
VILLA PETRONA,4535.0,66
VILLA SAN LORENZO,4401.0,66
VILLA SOLA,4409.0,66
VILLITAS,4415.0,66
VIÑACO,4423.0,66
VINAL POZO,4452.0,66
VINALITO,4452.0,66
VIRREY TOLEDO,4407.0,66
TALAPAMPA,4425.0,66
TALA YACO,4193.0,66
TALA MUYO,4446.0,66
SANTA CRUZ,4430.0,66
SANTA CRUZ,4531.0,66
SANTA CRUZ,4651.0,66
SANTA ELENA,4403.0,66
SANTA ELENA,4425.0,66
SANTA ELENA,4440.0,66
SANTA GERTRUDIS,4423.0,66
SANTA LUCIA,4432.0,66
SANTA MARIA,4193.0,66
SANTA MARIA,4421.0,66
SANTA MARIA,4561.0,66
SANTA MARINA,4542.0,66
SANTA RITA,4430.0,66
SANTA ROSA,4198.0,66
SANTA ROSA,4423.0,66
SANTA ROSA,4427.0,66
SANTA ROSA,4432.0,66
SANTA ROSA,4449.0,66
SANTA ROSA,4534.0,66
SANTA ROSA,4535.0,66
SANTA ROSA DE ANTA,4452.0,66
SANTA CLARA,4554.0,66
SANTA ROSA DE TASTIL,4409.0,66
SANTA CATALINA,4193.0,66
SANTA ANA,4448.0,66
SAN MARTIN LA CUESTA,4415.0,66
SAN MIGUEL,4403.0,66
SAN MIGUEL,4535.0,66
SAN NICOLAS,4421.0,66
SAN PATRICIO,4554.0,66
SAN PEDRO,4193.0,66
SAN PEDRO,4560.0,66
SAN PEDRO DE ARANDA,4126.0,66
SAN PEDRO DE ARANDA,4430.0,66
SAN PEDRO DE IRUYA,4633.0,66
SAN PEDRO DE LOS CORRALES,4191.0,66
SAN RAFAEL,4427.0,66
SAN RAMON,4449.0,66
SAN RAMON DE LA NUEVA ORAN,4530.0,66
SAN ROQUE,4193.0,66
SAN ROQUE,4425.0,66
SAN SEBASTIAN,4434.0,66
SAN VICENTE,4190.0,66
SAN VICENTE,4421.0,66
SANTA ANA,4423.0,66
SANTA ANA,4430.0,66
SANTA BARBARA,4425.0,66
SAN MARTIN,4432.0,66
SANTA RUFINA,4401.0,66
SANTA VICTORIA,4128.0,66
SIMBOLAR,4427.0,66
SIMBOLAR,4452.0,66
SIMBOLITO,4448.0,66
SIÑUNTO,4421.0,66
SOCOMPA,4413.0,66
SOLAZUTI,4530.0,66
SOLEDAD,4530.0,66
SOLEDAD,4651.0,66
SOLEDANI,4651.0,66
STA ROSA DE LOS PASTOS GRANDES,4411.0,66
SUMALAO,4421.0,66
SUNCHALITO,4452.0,66
SURI MICUNA,4193.0,66
SURI PINTADO,4554.0,66
TABACAL INGENIO,4533.0,66
TABACO CIMARRON,4554.0,66
TACA TACA ESTACION FCGB,4413.0,66
TACO PAMPA,4452.0,66
TACUARA,4409.0,66
TACUIL,4419.0,66
TALA MUYO,4440.0,66
SIMBOL YACO,4430.0,66
SANTA TERESA,4190.0,66
SEVILLAR,4421.0,66
SECLANTAS ADENTRO,4419.0,66
SANTA VICTORIA,4550.0,66
SANTA VICTORIA ESTE,4561.0,66
SANTA VICTORIA OESTE,4651.0,66
SANTO DOMINGO,4448.0,66
SANTO DOMINGO,4449.0,66
SANTO DOMINGO,4535.0,66
SANTO DOMINGO ANTA,4449.0,66
SANTO DOMINGO SANTA VICTORIA,4449.0,66
SANTOS LUGARES,4535.0,66
SAPO QUEMADO,4448.0,66
SARGENTO CRISTOBAL,4430.0,66
SAUCE,4425.0,66
SAUCE ALEGRE,4421.0,66
SAUCE BAJADA,4434.0,66
SAUCE REDONDO,4425.0,66
SAUCE SOLO,4448.0,66
SAUCELITO,4538.0,66
SAUSALITO,4430.0,66
SAUZAL,4446.0,66
SCHNEIDEWIND,4440.0,66
SECLANTAS,4419.0,66
SENDA HACHADA ESTACION FCGB,4552.0,66
PIEDRAS MORADAS,4421.0,66
EL MORANILLO,4430.0,66
PIEDRA DEL MOLINO,4421.0,66
EL ESPINILLO,4554.0,66
EL ESPINILLO,4430.0,66
EL ESPINAL,4126.0,66
EL ENCON,4407.0,66
EL DORADO,4405.0,66
EL DESTIERRO,4535.0,66
EL DESMONTE,4538.0,66
EL CUIBAL,4126.0,66
EL CUCHILLO,4550.0,66
EL CRESTON,4425.0,66
EL ESTANQUE,4434.0,66
EL CORRALITO,4405.0,66
EL CONDOR,4193.0,66
EL COLGADO,4430.0,66
EL COLEGIO,4403.0,66
EL CIENAGO,4554.0,66
EL CHURCAL,4419.0,66
EL CHORRO,4560.0,66
EL CEIBAL,4430.0,66
EL CEIBAL,4430.0,66
EL CEIBAL,4193.0,66
EL CARRIZAL,4446.0,66
EL CORRAL VIEJO,4198.0,66
EL FRAILE,4425.0,66
EL GALLINATO,4401.0,66
EL GALPON,4444.0,66
EL OBELISCO,4425.0,66
EL NOGALAR,4415.0,66
EL ÑATO,4561.0,66
EL NARANJO,4434.0,66
EL NARANJO,4191.0,66
EL NARANJO,4126.0,66
EL MOYAR,4423.0,66
EL MOLLE,4530.0,66
EL MOLLAR,4405.0,66
EL MOLLAR,4405.0,66
EL MOLINO,4415.0,66
EL MISTOL,4534.0,66
EL MIRADOR,4535.0,66
EL MARAY,4415.0,66
EL MANZANO,4405.0,66
EL MANANTIAL,4449.0,66
EL LIBANO,4434.0,66
EL LEONCITO,4421.0,66
EL JARDIN,4126.0,66
EL JARAVI,4446.0,66
EL HUAICO,4403.0,66
EL GUANACO,4440.0,66
EL GOLGOTA,4409.0,66
EL CARRIL,4421.0,66
EL OJITO,4198.0,66
EL CARMEN,4530.0,66
EL CARMEN,4421.0,66
DOCTOR FACUNDO ZUVIRIA,4423.0,66
DOCTOR FACUNDO ZUVIRIA,4421.0,66
DIVISADERO,4446.0,66
DIQUE ITIRUYO,4568.0,66
DIQUE EMBALSE CAMPO ALEGRE,4432.0,66
DIQUE CABRA CORRAL,4421.0,66
DIEGO DE ALMAGRO,4409.0,66
DIAMANTE,4419.0,66
DIAMANTE,4198.0,66
DAMIAN M TORINO,4409.0,66
DOS YUCHANES,4554.0,66
CURUZU,4401.0,66
CUESTA CHICA,4415.0,66
CUESTA AZUL,4651.0,66
CUCHIYACO,4419.0,66
CRUZ QUEMADA,4434.0,66
COSME,4190.0,66
CORZUELA,4550.0,66
CORTADERAS,4411.0,66
CORRIDA DE CORI,4419.0,66
CORRALITO,4552.0,66
CORRALITO,4427.0,66
CUESTA DEL OBISPO,4417.0,66
DRAGONES,4554.0,66
DURAZNITO,4190.0,66
DURAZNO,4425.0,66
EL CARMEN,4419.0,66
EL CARMEN,4405.0,66
EL CARANCHO,4421.0,66
EL CANDADO,4415.0,66
EL BRETE,4126.0,66
EL BREALITO,4419.0,66
EL BREAL,4535.0,66
EL BORDO,4449.0,66
EL BORDO,4432.0,66
EL BORDO,4193.0,66
EL BORDE DE SAN MIGUEL,4432.0,66
EL AYBAL,4400.0,66
EL ARENAL,4446.0,66
EL ALISAL,4409.0,66
EL ALGARROBO,4434.0,66
EL ALGARROBAL,4448.0,66
EL ALFREDITO,4409.0,66
EL AGUILAR,4651.0,66
EL AGUAY,4563.0,66
EL ACHERAL,4425.0,66
EL ACHERAL,4425.0,66
EBRO,4434.0,66
DURAZNO,4440.0,66
EL CARMEN,4449.0,66
EL OJO,4193.0,66
EL OSO,4434.0,66
EL PACARA,4446.0,66
ESTOLA,4400.0,66
ESTECO EMBARCADERO FCGB,4440.0,66
ESTEBAN DE URIZAR,4537.0,66
ESTANCIA VIEJA,4434.0,66
ESTACION ZUVIRIA,4421.0,66
ESTACION CACHIÑAL,4411.0,66
EST POCITOS,4568.0,66
EST EL BORDO,4430.0,66
ESQUINA,4449.0,66
ESQUINA,4419.0,66
FEDERACION,4198.0,66
ESPINILLO,4449.0,66
ESCALCHI,4417.0,66
ENTRE RIOS,4430.0,66
ENCRUCIJADA DE TASTIL,4409.0,66
ENCRUCIJADA,4409.0,66
EMBOSCADA,4554.0,66
EMBARCACION,4550.0,66
ELTUNAL,4407.0,66
EL ZAPALLO,4534.0,66
EL ZAPALLAR,4430.0,66
EL ZANJON,4434.0,66
ESCOIPE,4421.0,66
FINCA ARMONIA,4444.0,66
FINCA BELGRANO,4415.0,66
FINCA CAMINO A COLON,4403.0,66
GAONA,4452.0,66
GALLINATO,4432.0,66
FUERTE QUEMADO,4430.0,66
FUERTE EL PITO,4452.0,66
FUERTE ALTO,4417.0,66
FRONTERA TRES,4560.0,66
FRONTERA 5,4560.0,66
FRONTERA 4,4560.0,66
FORTIN FRIAS,4535.0,66
FORTIN BELGRANO,4530.0,66
FOGUISTA J F JUAREZ,4444.0,66
FLORESTA,4452.0,66
FINCA SANTIAGO,4633.0,66
FINCA ROCCA,4444.0,66
FINCA MISION ZENTA,4530.0,66
FINCA MISION ZENTA,4448.0,66
FINCA LA TOMA,4538.0,66
FINCA LA ROSA,4427.0,66
FINCA LA CHINA,4434.0,66
FINCA EL COLEGIO,4403.0,66
FINCA EL CARMEN,4425.0,66
FINCA COLON,4403.0,66
FINCA CAMINO VALLISIOS,4403.0,66
EL YESO,4434.0,66
EL YACON,4535.0,66
EL VENCIDO,4452.0,66
EL VALLECITO,4440.0,66
EL RETIRO,4550.0,66
EL RECREO,4427.0,66
EL QUIMILAR CARBONCITO,4534.0,66
EL QUEMADO,4530.0,66
EL QUEMADO,4423.0,66
EL QUEMADO,4198.0,66
EL QUEBRACHAL,4452.0,66
EL PUYIL,4405.0,66
EL PUESTITO,4198.0,66
EL PUCARA,4405.0,66
EL PRADO,4432.0,66
EL PRADO,4400.0,66
EL POTRERO DE DIAZ,4421.0,66
EL POTRERO,4415.0,66
EL POTRERO,4415.0,66
EL POTRERO,4405.0,66
EL POTRERO,4193.0,66
EL PORVENIR,4452.0,66
EL PORVENIR,4405.0,66
EL PORTEZUELO,4190.0,66
EL PERTIGO,4554.0,66
PIEDRA DEL POTRILLO,4530.0,66
EL PARQUE,4444.0,66
EL REY,4434.0,66
CORRAL QUEMADO,4446.0,66
EL RODEO,4415.0,66
EL ROSAL,4405.0,66
EL TUNALITO,4535.0,66
EL TUNAL,4446.0,66
EL TRIGAL,4415.0,66
EL TORO,4409.0,66
EL TIPAL,4423.0,66
EL TIMBO,4405.0,66
EL TARTAGAL,4554.0,66
EL TAPIAL,4633.0,66
EL TANDIL,4198.0,66
EL TALAR,4554.0,66
EL TALA EST R DE LOS LLANOS,4126.0,66
EL TALA,4126.0,66
EL TABACAL,4533.0,66
EL SUNCHAL,4430.0,66
EL SUNCHAL,4415.0,66
EL SUNCHAL,4126.0,66
EL SOLDADITO,4535.0,66
EL SIMBOLAR,4423.0,66
EL SIMBOLAR,4421.0,66
EL SAUZAL,4440.0,66
EL SAUCE,4432.0,66
EL SAPO,4425.0,66
EL SALTO,4434.0,66
EL RODEO,4415.0,66
GENERAL ALVARADO,4401.0,66
COROPAMPA,4425.0,66
CORONEL OLLEROS,4446.0,66
BARADERO,4126.0,66
BAÑOS TERMALES,4190.0,66
BANDA GRANDE,4419.0,66
BALLENAL,4405.0,66
BALDERRAMA,4440.0,66
BALBUENA,4561.0,66
BALBOA,4193.0,66
BAJO GRANDE DESVIO FCGB,4444.0,66
BAJO GRANDE,4446.0,66
BAJADA GRANDE,4198.0,66
BARBAYASCO,4190.0,66
BAJADA DE GAVI,4198.0,66
BAJADA,4190.0,66
BACOYA,4644.0,66
ATUDILLO,4415.0,66
ATOCHA,4401.0,66
ASTILLERO,4633.0,66
ARROCERO ITALIANO,4444.0,66
ARJUNTAS,4430.0,66
ARITA,4449.0,66
ARENALES,4535.0,66
ARENAL,4560.0,66
BAJADA BLANCA,4193.0,66
BARITU,4651.0,66
BARREALITO,4449.0,66
BARRIAL,4427.0,66
CABEZA DE BUEY,4434.0,66
CABEZA DE ANTA,4434.0,66
CABEZA DE ANTA,4193.0,66
BURRO YACO,4419.0,66
BUENA VISTA,4427.0,66
BUENA VISTA,4415.0,66
BUENA VISTA,4400.0,66
BUENA FE,4561.0,66
BUEN LUGAR,4550.0,66
BREALITO,4419.0,66
BODEGUITA,4425.0,66
BETANIA,4432.0,66
BELLA VISTA,4535.0,66
BELLA VISTA,4423.0,66
BELLA VISTA,4421.0,66
BELLA VISTA,4193.0,66
BELGRANO FORTIN 2,4535.0,66
BELGRANO,4400.0,66
BARRO NEGRO,4415.0,66
BARRIO SAN CAYETANO,4400.0,66
BARRIO SAN ANTONIO,4560.0,66
BARRIO PARABOLICA,4417.0,66
BARRIO LA LOMA,4400.0,66
ARENAL,4198.0,66
CACHI,4417.0,66
ARBOL SOLO,4534.0,66
ANTONIO QUIJARRO,4552.0,66
ALFARCITO,4409.0,66
ALEM,4126.0,66
ALEJO DE ALBERRO,4407.0,66
AGUAS MUERTAS,4535.0,66
AGUAS CALIENTES,4430.0,66
AGUAS CALIENTES,4190.0,66
AGUAS BLANCAS,4531.0,66
AGUAS BLANCAS,4530.0,66
AGUARAY,4566.0,66
AGUA VERDE,4561.0,66
ALGARROBAL,4430.0,66
AGUA SUCIA,4449.0,66
ACOYTE,4651.0,66
ACOSTA,4425.0,66
ACHARAS,4434.0,66
ACAZOQUE,4411.0,66
ACAMBUCO,4568.0,66
ABRA GRANDE,4530.0,66
ABRA DEL GALLO,4411.0,66
ABRA DE ARAGUYOC,4633.0,66
ABLOME,4421.0,66
20 DE FEBRERO,4425.0,66
AGUA NEGRA,4415.0,66
ALGARROBAL,4446.0,66
ALGARROBAL,4534.0,66
ALGARROBAL,4535.0,66
ANTONIO ALICE,4401.0,66
ANTILLA,4193.0,66
ANIMANA,4427.0,66
ANGOSTURA,4560.0,66
ANGOSTURA,4419.0,66
ANGOSTURA,4415.0,66
ANGOSTO PESCADO,4651.0,66
ANGELICA,4533.0,66
ANGEL PEREDO,4533.0,66
ANGASTACO,4427.0,66
AMPATA,4415.0,66
AMPASCACHI,4421.0,66
AMBLAYO,4425.0,66
AMBERES,4561.0,66
AMAICHA,4419.0,66
ALTOS HORNOS GUEMES,4432.0,66
ALTO VERDE,4535.0,66
ALTO DEL MISTOL,4446.0,66
ALTO DE LA SIERRA,4561.0,66
ALTO ALEGRE,4449.0,66
ALMONA,4421.0,66
ALMIRANTE BROWN,4193.0,66
ALGARROBAL VIEJO,4446.0,66
APOLINARIO SARAVIA,4449.0,66
CACHI ADENTRO,4417.0,66
CACHIÑAL,4409.0,66
CACHO MOLINO,4421.0,66
COBA,4434.0,66
CNEL JUAN SOLA EST MORILLO,4554.0,66
CIERVO CANSADO,4535.0,66
CHUCULAQUI,4413.0,66
CHORROARIN,4446.0,66
CHORRO BLANCO,4415.0,66
CHORRILLOS,4409.0,66
CHORRILLITOS,4409.0,66
CHIYAYOC,4633.0,66
CHIVILME,4423.0,66
COBAS,4400.0,66
CHIRETE,4554.0,66
CHICOANA,4423.0,66
CHICOANA,4419.0,66
CHAÑAR MUYO,4446.0,66
CHAÑAR AGUADA,4193.0,66
CHAÑAR,4633.0,66
CHAMICAL,4400.0,66
CHAGUARAL,4537.0,66
CHACRA EXPERIMENTAL,4430.0,66
CHACHAS,4413.0,66
CHACHAPOYAS,4400.0,66
CHILCAS,4434.0,66
COBOS,4432.0,66
COLANZULI,4633.0,66
COLGADAS,4193.0,66
CORONEL MOLLINEDO,4449.0,66
CORONEL MOLDES,4421.0,66
CORONEL CORNEJO,4552.0,66
COPO QUILE,4193.0,66
CONDOR,4193.0,66
CONDADO,4651.0,66
CONCHAS,4440.0,66
COLTE,4419.0,66
COLORADO,4633.0,66
COLONIA ZANJA DEL TIGRE,4560.0,66
COLONIA SANTA ROSA DE LIMA,4432.0,66
COLONIA SANTA ROSA,4531.0,66
COLONIA SANTA MARIA,4530.0,66
COLONIA OTOMANA,4550.0,66
COLONIA HURLINGHAM,4449.0,66
COLONIA EL FUERTE,4421.0,66
COLONIA D,4530.0,66
COLONIA BUENAVENTURA,4561.0,66
COLONIA AGRICOLA SAN AGUSTIN,4530.0,66
COLONIA A,4530.0,66
COLON,4403.0,66
COLOME,4419.0,66
COLMENAR,4419.0,66
CHACAR,4633.0,66
CEVILAR,4425.0,66
CERRO NEGRO,4193.0,66
CERRO NEGRO,4190.0,66
CAMPOS DE ALEMANIA,4425.0,66
CAMPO SANTO,4432.0,66
CAMPO QUIJANO,4407.0,66
CAMPO LIBRE,4554.0,66
CAMPO LARGO,4554.0,66
CAMPO DURAN,4566.0,66
CAMPO CASEROS,4400.0,66
CAMPO AZUL,4440.0,66
CAMPO ARGENTINO,4535.0,66
CAMPO ALEGRE,4449.0,66
CAMPO ALEGRE,4440.0,66
CAMPO ALEGRE,4423.0,66
CAMPICHUELO,4552.0,66
CAMPAMENTO VESPUCIO,4563.0,66
CAMPAMENTO TABLILLA,4563.0,66
CAMINERA SAN PEDRITO,4563.0,66
CAMARA,4405.0,66
CAMARA,4198.0,66
CALVIMONTE,4421.0,66
CALDERILLA,4401.0,66
CALDERA,4401.0,66
CAIPE,4413.0,66
CAFAYATE,4427.0,66
CAÑADA DE LA JUNTA,4193.0,66
CORONEL VIDT,4448.0,66
CAÑADON DE LAS JUNTAS,4193.0,66
CANGREJILLOS,4415.0,66
CERRO MAL CANTO,4415.0,66
CERRO DEL AGUA DE LA FALDA,4419.0,66
CERRO DE LA ZORRA VIEJA,4419.0,66
CERRO COLORADO,4193.0,66
CERRO BRAVO,4419.0,66
CERRO BAYO,4409.0,66
CERRO ALEMANIA,4425.0,66
CERRILLOS,4403.0,66
CEIBALITO,4446.0,66
CEIBAL,4126.0,66
CEBADOS,4403.0,66
CAUCHARI,4413.0,66
CASTELLANOS,4401.0,66
CASTAÑARES,4425.0,66
CASA GRANDE,4633.0,66
CARRERAS,4434.0,66
CARAPARI,4560.0,66
CARAHUASI,4425.0,66
CARABAJAL,4405.0,66
CAPITAN JUAN PAGE,4554.0,66
CAPILLA FUERTE,4651.0,66
CAPIAZUTTI,4560.0,66
CANTERA DEL SAUCE,4432.0,66
CANCILLAR,4633.0,66
GENERAL BALLIVIAN,4552.0,66
EL PERICOTE,4449.0,66
GENERAL GUEMES,4430.0,66
MADREJON,4554.0,66
MADRE VIEJA,4430.0,66
MADARIAGA,4193.0,66
MACUETA,4566.0,66
MACHO RASTROJO,4141.0,66
MACAPILLO,4452.0,66
LURACATAO,4419.0,66
LUNA MUERTA,4554.0,66
LUMBRERAS,4434.0,66
LUIS BURELA,4449.0,66
MAL CANTE,4415.0,66
LOTE SARITA,4530.0,66
LOTE LUCRECIA,4530.0,66
LOTE JOSEFINA,4530.0,66
LOTE ESTELA,4533.0,66
LOTE ESTELA,4533.0,66
LOTE 27,4560.0,66
LOS ZANJONES,4198.0,66
LOS TOLDOS,4531.0,66
LOS SAUCES,4427.0,66
LOS SAUCES,4425.0,66
LOS SAUCES,4401.0,66
LOTE MARCELA,4530.0,66
MAL PASO,4415.0,66
MANGA VIEJA,4452.0,66
MANUEL ELORDI,4550.0,66
MINA SAN GUILLERMO,4415.0,66
GENERAL ENRIQUE MOSCONI,4562.0,66
MINA LA CASUALIDAD,4413.0,66
MINA JULIO,4411.0,66
MINA DON OTTO,4425.0,66
MINA CAROLINA,4409.0,66
METAN VIEJO,4441.0,66
METAN,4440.0,66
MESON,4651.0,66
MESETA,4409.0,66
MERCED DE ARRIBA,4405.0,66
MEDIA LUNA,4554.0,66
MEDIA LUNA,4449.0,66
MEDIA LUNA,4405.0,66
MECOYITA,4651.0,66
MAYO TORITO,4401.0,66
MATANCILLAS,4633.0,66
MARTINEZ DEL TINEO,4537.0,66
MARTINEZ DEL TINCO,4537.0,66
MARTIN GARCIA,4535.0,66
MARIA LUISA,4533.0,66
MARIA JOSE,4530.0,66
MANUELA PEDRAZA,4560.0,66
LOS ROSALES,4446.0,66
MINA SAN WALTERIO,4415.0,66
LOS ROSALES,4193.0,66
LOS POCITOS,4190.0,66
LIZOITE,4651.0,66
LIPEO,4651.0,66
LIMONCITO,4530.0,66
LIMONCITO,4448.0,66
LIMACHE,4400.0,66
LESSER,4401.0,66
LECHIGUANA,4434.0,66
LAS ZANJAS,4415.0,66
LAS VIÑAS,4427.0,66
LAS VIBORAS,4434.0,66
LLUCHA,4452.0,66
LAS VERTIENTES SANTA RITA DE,4430.0,66
LAS VENTANAS,4198.0,66
LAS VATEAS,4449.0,66
LAS VARAS,4534.0,66
LAS TUNILLAS,4193.0,66
LAS TRANCAS,4417.0,66
LAS TORTUGAS,4449.0,66
LAS TIENDITAS,4421.0,66
LAS SALADAS,4193.0,66
LAS ROSAS,4405.0,66
LAS PIRCAS,4421.0,66
LAS VERTIENTES,4561.0,66
LOMA DE BURRO,4415.0,66
LOMAS DE OLMEDO,4530.0,66
LOROHUASI,4427.0,66
LOS PEÑONES,4401.0,66
LOS PATOS,4411.0,66
LOS NOQUES,4400.0,66
LOS NOGALES,4434.0,66
LOS MOLLINEDOS,4448.0,66
LOS MOGOTES,4126.0,66
LOS MERCADOS,4401.0,66
LOS LOS,4423.0,66
LOS LAURELES,4415.0,66
LOS CORRALES,4434.0,66
LOS COLORADOS,4413.0,66
LOS CHURQUIS,4425.0,66
LOS CHURQUIS,4198.0,66
LOS CHIFLES,4446.0,66
LOS CASTILLOS,4425.0,66
LOS CANTEROS,4195.0,66
LOS BLANCOS,4554.0,66
LOS BAÑOS,4193.0,66
LOS BAÑADOS,4440.0,66
LOS BALDES,4550.0,66
LOS ALAMOS,4427.0,66
LOS ALAMOS,4403.0,66
LOS ALAMOS,4401.0,66
LOS RANCHILLOS,4554.0,66
MINA TINCALAYA,4413.0,66
MINAS VICTORIA,4415.0,66
MINAS YPF,4448.0,66
PARAMAMAYA,4430.0,66
PARAJE ZANJON,4403.0,66
PARAJE UNCURU,4411.0,66
PARAJE PIZCUNO,4411.0,66
PARAJE PIRCAS,4411.0,66
PARAJE PASTOS GRANDES,4411.0,66
PARAJE OLACAPATO,4413.0,66
PARAJE NACIMIENTOS,4411.0,66
PARAJE MORRO COLORADO,4411.0,66
PARAJE MINA CONCORDIA,4411.0,66
PARANI,4530.0,66
PARAJE LAS CUEVAS,4411.0,66
PARAJE CORTADERAS,4411.0,66
PARAJE COBRES,4411.0,66
PARAJE CERRO NEGRO,4411.0,66
PARAJE CAMPO LARGO,4560.0,66
PARAISO,4535.0,66
PAPA CHACRA,4651.0,66
PAMPA GRANDE,4425.0,66
PALOMITAS,4434.0,66
PALOMAR,4190.0,66
PALO SANTO,4554.0,66
PARAJE ESQUINA DE GUARDIA,4411.0,66
PAREDES,4401.0,66
PASCALLA,4651.0,66
PASCHA,4405.0,66
PIEDEMONTE,4403.0,66
PIE DE LA CUESTA,4415.0,66
PIE DE LA CUESTA,4405.0,66
PICHANAL,4534.0,66
PERU,4440.0,66
PEÑAS BLANCAS,4419.0,66
PEÑAS AZULES,4421.0,66
PEÑALVA,4401.0,66
PEÑAFLOR,4423.0,66
PEDRO LOZANO,4554.0,66
PEDREGAL,4423.0,66
PAYOGASTILLA,4427.0,66
PAYOGASTA,4415.0,66
PASTOR SEVILLOSA,4552.0,66
PASTEADERO,4440.0,66
PASO VERDE,4198.0,66
PASO LA CRUZ,4446.0,66
PASO EL MILAGRO SAN ANICETO,4535.0,66
PASO DEL RIO,4421.0,66
PASO DEL DURAZNO,4440.0,66
PASO DE LAS CARRETAS,4446.0,66
PASO DE LA CRUZ,4434.0,66
PASO DE BALDERRAMA,4440.0,66
PALO PINTADO,4427.0,66
PALO A PIQUE,4449.0,66
PALMIRA,4423.0,66
PALMARCITO,4535.0,66
MONTE,4401.0,66
MONASTERIOS,4449.0,66
MOLLINEDO,4535.0,66
MOLLE POZO,4446.0,66
MOLLAR,4644.0,66
MOLINOS,4419.0,66
MOLINO DE GONGORA,4415.0,66
MOLINO,4644.0,66
MOLINO,4423.0,66
MOJOTORO,4432.0,66
MISTOLAR,4554.0,66
MISTOL MAREADO,4554.0,66
MISIONES,4554.0,66
MISION SANTA LUCIA,4561.0,66
MISION LA PAZ,4561.0,66
MISION FRANCISCANA,4560.0,66
MISION FRANCISCANA,4530.0,66
MISION CHAQUEÑA,4554.0,66
MIRAFLORES M,4444.0,66
MIRAFLORES,4448.0,66
MIRAFLORES,4434.0,66
MIRAFLORES,4126.0,66
MINAS YPF,4530.0,66
MONTE CARMELO,4554.0,66
LAS PIEDRITAS,4190.0,66
MONTE GRANDE,4419.0,66
MONTE VIEJO,4427.0,66
PALERMO OESTE,4415.0,66
PALERMO,4449.0,66
PAL TOLCO,4651.0,66
OVEJERO,4126.0,66
OVEJERIA,4444.0,66
OVEJERIA,4198.0,66
OVANDO,4190.0,66
OTOMANA,4550.0,66
OSMA,4421.0,66
ORAN,4530.0,66
OLMOS,4403.0,66
OLACAPATO GRANDE,4413.0,66
OLACAPATO CHICO,4413.0,66
OJO DE AGUA,4430.0,66
OJO DE AGUA,4415.0,66
OJO DE AGUA,4190.0,66
NUEVO PORVENIR,4550.0,66
NUESTRA SEÑORA DE TALAVERA,4452.0,66
NOGALITO,4440.0,66
NAZARENO,4651.0,66
MUÑANO KILOMETRO 1308,4411.0,66
MORENILLO,4193.0,66
MORALES,4425.0,66
MONTE VIEJO,4427.0,66
LAS PALMAS,4449.0,66
MINA SAN ESTEBAN,4415.0,66
LAS PAILAS,4417.0,66
LA CANDELARIA,4126.0,66
LA CANDELARIA,4126.0,66
LA CANCHA,4535.0,66
LA CALAVERA,4423.0,66
LA CABAÑA,4427.0,66
LA BODEGUITA,4421.0,66
LA BODEGA,4421.0,66
LA BANDA,4427.0,66
LA BANDA,4190.0,66
LA ASUNCION,4430.0,66
LA CARRETERA,4446.0,66
LA ASUNCION,4126.0,66
LA ARMONIA,4427.0,66
LA ARMONIA,4421.0,66
LA ARGENTINA,4421.0,66
LA ARCADIA,4427.0,66
LA AGUADITA,4440.0,66
KILOMETRO 1448,4564.0,66
KILOMETRO 1424,4413.0,66
KILOMETRO 1398,4562.0,66
KILOMETRO 1373,4413.0,66
KILOMETRO 1369,4413.0,66
LA ARMONIA,4444.0,66
LA CHINA,4561.0,66
LA CIENAGA,4193.0,66
LA CIENEGUITA,4141.0,66
LA FORTUNA,4550.0,66
LA FLORIDA,4425.0,66
LA FIRMEZA,4193.0,66
LA FAMA,4403.0,66
LA FALDA,4651.0,66
LA FALDA,4403.0,66
LA ESTRELLA,4537.0,66
LA ESTELA,4405.0,66
LA ESQUINITA,4535.0,66
LA ESPERANZA,4535.0,66
LA ESPERANZA,4448.0,66
LA ESPERANZA,4423.0,66
LA ESPERANZA,4415.0,66
LA ENTRADA,4554.0,66
LA DEFENSA,4430.0,66
LA CURVA,4554.0,66
LA CUESTITA METAN,4434.0,66
LA CUESTITA ANTA,4434.0,66
LA CRUZ,4400.0,66
LA CRUZ,4193.0,66
LA COSTOSA,4440.0,66
LA COSTA,4425.0,66
LA COSTA,4421.0,66
KILOMETRO 1306 FCGB,4550.0,66
KILOMETRO 1298,4533.0,66
KILOMETRO 1291,4534.0,66
KILOMETRO 1281,4534.0,66
INCAHUASI,4409.0,66
INCACHULI,4413.0,66
HUMANAS,4419.0,66
HUMAITA,4401.0,66
HUERTA,4651.0,66
HUAYRA HUASY,4415.0,66
HUAICONDO,4409.0,66
HOSTERIA JURAMENTO,4440.0,66
HORNILLOS,4651.0,66
HORCONES,4198.0,66
HITO 1,4561.0,66
HIPOLITO YRIGOYEN,4533.0,66
HIGUERILLAS,4400.0,66
HICKMANN,4554.0,66
GUAMACHI,4560.0,66
GUALIANA,4421.0,66
GUALFIN,4419.0,66
GUACHIPAS,4425.0,66
GRANDES PASTOS,4411.0,66
GONZALEZ,4434.0,66
GOBERNADOR SARAVIA,4409.0,66
LAS PALMAS,4403.0,66
GENERAL PIZARRO,4449.0,66
INCAMAYO,4409.0,66
LA GUARDIA,4423.0,66
INGENIERO MAURY,4409.0,66
INGENIO SAN MARTIN,4533.0,66
KILOMETRO 1280,4534.0,66
KILOMETRO 1176 300,4421.0,66
KILOMETRO 1172,4407.0,66
KILOMETRO 1156,4403.0,66
KILOMETRO 1152,4452.0,66
KILOMETRO 1129,4400.0,66
KILOMETRO 1125,4401.0,66
KILOMETRO 1104,4449.0,66
KILOMETRO 1102,4432.0,66
KILOMETRO 1094,4430.0,66
KILOMETRO 1088,4448.0,66
JURAMENTO,4434.0,66
JUNTAS DE SAN ANTONIO,4530.0,66
JUNCALITO,4413.0,66
JUNCAL,4411.0,66
JOAQUIN V GONZALEZ,4448.0,66
JERONIMO MATORRAS,4537.0,66
JACIMANA,4427.0,66
ITUYURO,4566.0,66
ISONZA,4427.0,66
ISLA DE LA CANDELARIA,4403.0,66
ISLA DE CAÑAS,4531.0,66
IRUYA,4633.0,66
INGENIO SAN ISIDRO,4432.0,66
LA HERRADURA,4415.0,66
GOBERNADOR MANUEL SOLA,4409.0,66
LA HUERTA,4633.0,66
LAS CORTADERAS,4415.0,66
LAS CONCHAS,4535.0,66
LAS CONCHAS,4427.0,66
LAS CEBADAS,4409.0,66
LAS CATITAS,4193.0,66
LAS CAPILLAS,4409.0,66
LAS CAÑITAS,4535.0,66
LAS CAÑAS,4633.0,66
LAS CAÑAS,4434.0,66
LAS CAÑAS,4421.0,66
LAS CORTADERAS,4530.0,66
LAS BOLSAS,4535.0,66
LAS BLANCAS,4403.0,66
LAS BATEAS,4449.0,66
LAS ARENAS,4405.0,66
LAS ARCAS,4417.0,66
LAS ARCAS,4407.0,66
LAS ANIMAS,4415.0,66
LAS ACHERAS,4434.0,66
LAGUNITA NUEVA POBLACION,4446.0,66
LAGUNITA,4446.0,66
LAGUNA VERDE,4449.0,66
LAS BLANCAS,4448.0,66
LAS COSTAS,4401.0,66
LAS CUESTITAS,4434.0,66
LAS CUEVAS,4409.0,66
LA HOYADA,4198.0,66
LAS MOJARRITAS,4195.0,66
LAS MOJARRAS,4198.0,66
LAS MESITAS,4434.0,66
LAS MESADAS,4405.0,66
LAS MERCEDES,4421.0,66
LAS MERCEDES,4193.0,66
LAS MARAVILLAS,4538.0,66
LAS LOMITAS,4562.0,66
LAS LLAVES,4535.0,66
LAS LECHUZAS,4425.0,66
LAS LAJITAS,4449.0,66
LAS JUNTAS DE ALEMANIA,4425.0,66
LAS JUNTAS,4440.0,66
LAS HORQUETAS,4554.0,66
LAS HIGUERAS,4633.0,66
LAS HECHERAS,4434.0,66
LAS GARZAS,4421.0,66
LAS FLORES,4449.0,66
LAS FLECHAS,4448.0,66
LAS FLACAS,4434.0,66
LAS DELICIAS,4444.0,66
LAS CURTIEMBRES,4425.0,66
LAGUNA SECA,4413.0,66
LAGUNA BLANCA,4448.0,66
LAS MORAS,4423.0,66
LA VIÑA,4432.0,66
LA PAMPA,4425.0,66
LA PALATA,4198.0,66
LA PAJITA,4193.0,66
LA OLIVA,4432.0,66
LA OFELIA,4432.0,66
LA MORA,4554.0,66
LA MONTAÑA,4535.0,66
LA MONTAÑA,4400.0,66
LA YESERA,4415.0,66
LA MESADA CHICA,4633.0,66
LA PAYA,4419.0,66
LA MERCED,4427.0,66
LA MATILDE,4190.0,66
LA MAROMA,4423.0,66
LA MARGARITA,4423.0,66
LA MARAVILLA,4430.0,66
LA MARAVILLA,4126.0,66
LA MANGA,4446.0,66
LA LOMITA,4448.0,66
LA LAGUNILLA,4400.0,66
LA ISLA,4401.0,66
LA ISLA,4400.0,66
LA MERCED,4421.0,66
LA PEDRERA,4400.0,66
LA MESADA GRANDE,4633.0,66
LA POBLACION,4126.0,66
LA VIÑA,4427.0,66
LA PLATA,4198.0,66
LA UNION,4535.0,66
LA UNION,4401.0,66
LA TROJA,4400.0,66
LA TRAMPA,4434.0,66
LA TOMA,4530.0,66
LA TOMA,4421.0,66
LA TABLADA,4535.0,66
LA SOLEDAD,4560.0,66
LA SILLETA,4407.0,66
LA VIÑA,4425.0,66
LA RAMADA,4432.0,66
LA REPRESA,4425.0,66
LA POBLACION,4425.0,66
LA POMA,4415.0,66
LA PORCELANA,4560.0,66
LA POSTA,4434.0,66
LA POBLACION,4444.0,66
LA PUNILLA,4427.0,66
LA PUNTILLA,4434.0,66
LA QUENA,4550.0,66
LA QUESERA,4400.0,66
LA PUERTA,4419.0,66
Total de localidades:,1247
